task_id,platform,task_type,action_type,target_url,description,is_active,created_date,created_by,deadline,participation_count,year_month,impressions,likes,comments,content,title
b44505496eba60a591ff0553987af2b093734d4c,x,content,,https://x.com/i/status/2009602883680182615,,1,,tonyler,,,2026-01,1898,76,21,We will be seeing you at the other side,See You on the Other Side
9a3e01a0b049f66fa20de40f94c4bd502242a387,x,content,,https://x.com/i/status/2009549053055394063,,1,,tonyler,,,2026-01,1060,71,3,"Stables/RWAs are issued on {X} chain, but believing they were created with the thought that they would stay only there is stupid.

Nothing gets locked on any chain anymore.

True winners are the rails that will be used to transfer stuff from one chain to another.

My top picks are projects that use IBC:
→ @cosmoshub
→ @tokifinance
→ @union_build

Anything else is a short-term solution that will soon be left behind (or get exploited).",The Future of Stables: Embrace Cross-Chain Solutions
2dc7b0610d8ce5419ebb537e2532aec3b505870a,x,content,,https://x.com/i/status/2009284265570169199,,1,,tonyler,,,2026-01,2471,93,13,"1/ 2026 is TOKI's Year 

@tokifinance has spent years building sovereign interchain infrastructure in silence.

Now they're ready. Token launch incoming, revenue generating, and institutions actually using it.

A thread",TOKI Finance: Ready for 2026 Token Launch
3c63722a8705db73a6d812100470b070a5c72138,x,content,,https://x.com/i/status/2009263031826469073,,1,,sirthanos,,,2026-01,628,59,35,Bulldog? Looks like the Chihuahua Senator is taking over the screen! $HUAHUA  @ChihuahuaChain,Chihuahua Senator Takes Over the Screen!
4182b46ba484684aad393f20dcd141a7f13ab6ec,x,content,,https://x.com/i/status/2009192230028787919,,1,,paplianos,,,2026-01,1289,80,23,"A new market is here — and it’s here to stay.

Crypto isn’t a trend. It’s an emerging financial and technological layer that will reshape how value, ownership, and coordination work over the next decades.

That’s why the goal isn’t blind speculation.

It’s thinking long-term.

Invest wisely in crypto companies and protocols with:
 • clear vision
• real-world use cases
• the ability to deliver solutions, not just narratives
• innovation that can meaningfully improve lives in the future

Progress has never come from following old rules in a new system.

In this market — just like in life — those who think independently, take responsibility, and align with builders and innovators early tend to capture the real upside.

This is your capital.

This is your conviction.

Choose accordingly.

$ATOM",Investing Wisely in the Future of Crypto
ca957bb5e1adf7cdc5cd89c08943574bfb0986ae,x,content,,https://x.com/i/status/2008992085802959258,,1,,tonyler,,,2026-01,3913,138,23,"1/ Cosmos Hub December Report

The Hub Unit just dropped their latest monthly update on and there's some progress happening behind the scenes.

→ ICF delegation changes
→ Stargaze migration
→ Tokenfactory testing
→ $ATOM Tokenomics RFP updates.

A thread",Cosmos Hub December Report: Key Updates and Progress
d23401da991506590290b70f45ddc15e48a94289,x,content,,https://x.com/i/status/2008964745068458485,like μόνο,1,,paplianos,,,2026-01,448,66,8,"@cosmoshub  Unit Report - December 2025 Summary 

Key updates from the Hub Unit (Cosmos Labs + Hypha):

 ICF Delegation Program: Final details being wrapped up with ICF. Launch expected mid-January 2026! More info soon via blog post. Validators: Join the Telegram channel for updates.

 @StargazeZone: NFT marketplace & collection on track for February launch. $STARS token migration planned for Q2 2026. Bi-weekly syncs ongoing for smooth process.

 Hypha Technical Ops: Steady month – no upgrades/incidents. Ongoing maintenance + tokenfactory progress: unit/integration tests complete, pre-audit prep underway. Key PRs merged.

 $ATOM Tokenomics RFP: Issued Dec 12 – seeking research firms for data-driven redesign (phases: Research/Audit, Modeling, Community support). Proposals due Jan 15, 2026. Selection soon after.

Solid steady progress building the future of the Hub! 

 https://forum.cosmos.network/t/hub-unit-report-december-2025/16568…",Cosmos Hub Unit Report - December 2025 Summary
c0db60e25900a169b76a3752c2d34dbcae70dd19,x,content,,https://x.com/i/status/2008953716066402668,,1,,paplianos,,,2026-01,2397,106,31,"The BEAR is full of FUD but fear isn’t part of our story.
Only those who truly believe stay.
And they’ll be the ones proven right in the end.
Strong hold 

$ATOM","""Stay Strong: Belief in $ATOM Prevails"""
d24fea27f3dea5c5d422f80ca7607096bf04dd35,x,content,,https://x.com/i/status/2008589946375012596,,1,,tonyler,,,2026-01,3621,154,23,"All those KOLs shilling @cosmos are now sh*tting on it.

I've been steady since day one (no matter the price). When I say long-term, I mean it. Just like those 2013 BTC holders who got rich with the same mindset.

And btw I'm not getting paid to post about $ATOM $OSMO $SAGA",KOLs Shift Stance on Cosmos Despite Long-Term Support
927aee8dd9d4356f412c02cadf57ea5bccc22d6b,x,content,,https://x.com/i/status/2008481964223824112,,1,,pako_mess,,,2026-01,1047,71,11,"Day by day the DEX keeps getting better and better! 

Real value for long term investors right here! 

There is no second best. 

@osmosis $OSMO",Osmosis DEX: Improving for Long-Term Investors
c447c3c8e3518cc5f70b8eb7d06ce32a30e348a6,x,content,,https://x.com/i/status/2008448359795691783,,1,,tonyler,,,2026-01,4434,136,18,"I tried to use Ethereum today. 

I'm never getting out of Cosmos again. The UX is miles ahead here.",Ethereum vs. Cosmos: A User Experience Comparison
efd6b312cac41e8bf8ef0253d37e672182aa3d66,x,content,,https://x.com/i/status/2008317983135850821,,1,,maslag,,,2026-01,302,59,8,"Oh it's a wondermap!
The roadmap of wonders to happen is out, don't skip to read..
https://x.com/cosmoslabs_io/status/2008226354651701651?s=20…",Wondermap: Roadmap of Upcoming Events Released
f2e4791cb7d519f72d741eaa37dd15796f76ff6e,x,content,,https://x.com/i/status/2008316913600835649,,1,,maslag,,,2026-01,259,54,26,"1. @ChihuahuaChain 
2. @ChihuahuaChain 
3. @ChihuahuaChain 

Do you want my 4th pick?!",ChihuahuaChain: Ready for My Fourth Pick?
81d401b21d7bf75235c84eadaafa5af6d5a2ba2b,x,content,,https://x.com/i/status/2008288474688819232,,1,,semigod84,,,2026-01,3153,125,27,"As critics declare the Cosmos ecosystem being dead, @cosmoslabs_io moves forward by unveiling a refreshed roadmap for 2026. Excited to see what the next few months will bring. $ATOM",Cosmos Ecosystem Unveils 2026 Roadmap Amid Criticism
0bf125911704e4babc76dc1251d9e0e5b508b681,x,content,,https://x.com/i/status/2008280745245106579,,1,,billy.13,,,2026-01,2661,70,27,I LOVE $ATOM,My Passion for $ATOM Cryptocurrency
ac4f8bd2a65d22c81763b8b6993e7c359c763dc7,x,content,,https://x.com/i/status/2008252188062106012,,1,,basilis2783,,,2026-01,2229,81,8,"Volatility isn’t only on the charts. Sometimes it’s the oracles

Nolus Market Anomaly Guard (MAG) detects abnormal pricing and can pause or cancel liquidations when data looks wrong

A margin position shouldn’t close on a bad print

Real-world MAG performance",Nolus MAG: Protecting Against Market Volatility
f23abdbfaf5e14c98eeada56b4839d4a709c8776,x,content,,https://x.com/i/status/2008249804787458296,,1,,sirthanos,,,2026-01,395,61,34,Where is @ChihuahuaChain ???,Location Update on @ChihuahuaChain
ec4159c6c982b4cb87940e31c3cf00f55c34d7ff,x,content,,https://x.com/i/status/2008242023371829257,,1,,paplianos,,,2026-01,2800,116,12,"@cosmos Stack Roadmap to 2026 — Thread
1/
@cosmoslabs_io just shared the updated Cosmos Stack Roadmap through Q3 2026.

The focus: performance, modularity, connectivity, and enterprise adoption.
After rebuilding the foundations in 2025, the stack is now ready to scale.",Cosmos Stack Roadmap Update Through Q3 2026
d2089770931c67d0f97c5c2146ce81e777ffe688,x,content,,https://x.com/i/status/2008157610717892798,,1,,basilis2783,,,2026-01,1049,66,8,"Quick thank you to everyone reporting edge cases + UX friction in Nolus

Your notes directly shape risk controls, UI clarity, and docs. If you’ve hit a confusing step or found a bug, drop it! Small fixes compound into safer margin for everyone",Thank You for Reporting UX Issues in Nolus
3e0db3a7f29b84726666215f165651162e109f8d,x,content,,https://x.com/i/status/2007860804326990113,,1,,sirthanos,,,2026-01,2904,84,8,"The same is happening with finance. While the masses stick to fiat, the wealthy are accumulating Cryptocurrency

The script has flipped.
Don’t be late to the new era. ₿ 

$BTC $ETH $ATOM $OSMO",Wealthy Shift to Cryptocurrency While Masses Stick to Fiat
d10eb143e59ce2b40e6c05050d24033b521eec42,x,content,,https://x.com/i/status/2007745385217904715,,1,,billy.13,,,2026-01,1130,66,19,"Exploring this winter landscape, @NolusProtocol is carving a clear path through the market. Cooling down volatility while heating up the DeFi yields. 
Lower liquidations, higher capital efficiency. The view from the top is better when you LEASE smarter.. Happy New Year $Nolans",Nolus Protocol: Navigating Winter with DeFi Innovation
f60ca96b4086ce5f4c3c11338bd09eeea5caabb0,x,content,,https://x.com/i/status/2007712831601565705,,1,,sirthanos,,,2026-01,646,69,41,"Gm everyone 
Happy Sunday",Happy Sunday Greetings to Everyone
0a5a39ad3916e25f238870bf622d73d63114bfb5,x,content,,https://x.com/i/status/2007447540870894027,,1,,tonyler,,,2026-01,3293,119,21,"I'm @saylor of $ATOM

The difference is I'll probably outperform him by a lot.",Saylor Claims He'll Outperform $ATOM Competitor
8730b49c60142440c56d7f9737d3c8602c805587,x,content,,https://x.com/i/status/2007173696163926351,,1,,sirthanos,,,2026-01,1390,65,14,"@Sagaxyz__ becomes a company, no longer just a project.  

$SAGA",Sagaxyz Transitions from Project to Company Status
d7dfd8b8291dac3217e52cccd7157c8d89af9d92,x,content,,https://x.com/i/status/2007136162402714004,,1,,tonyler,,,2026-01,3900,121,29,"Anyone still using or holding $OSMO. 

Only the cold blood and the strongest are still here.",Surviving Holders of $OSMO: Only the Strong Remain
6156e5ce4d6eb60d7cf11c3a8f402c102b972dbe,x,content,,https://x.com/i/status/2007023769081028985,,1,,tonyler,,,2026-01,10116,353,158,,
77ff46d6e73397976847d6fac014d403cbc968af,x,content,,https://x.com/i/status/2009284265570169199,,1,,tøny,,,2026-01,0,0,0,,
10f51044cc22f47a93043fc1e8e78e616f4c0280,x,content,,https://x.com/i/status/2010349807131627528,,1,,Jim Cramer of Cøsmos,,,2026-01,0,0,0,,
fe0295925f81e3f7652d7c6ae18da13feec980a8,x,content,,https://x.com/i/status/2010314551905120733,,1,,Billy ⛋,,,2026-01,0,0,0,,
f58cdd62673d26f89d6f4787a43037a1b24935a4,x,content,,https://x.com/i/status/2010660944351809749,,1,,Jim Cramer of Cøsmos,,,2026-01,0,0,0,,
f66db647f7134a7431109e5fa875f81964dabc30,x,content,,https://x.com/i/status/2011062624222416934,,1,,Jim Cramer of Cøsmos,,,2026-01,0,0,0,,
f9e4ac4e2df289acf2b06704b91abd39cfd334f9,x,content,,https://x.com/i/status/2011112936228467019,,1,,Jim Cramer of Cøsmos,,,2026-01,0,0,0,,
0c64c7c5364d3f2a1123fb34dc0634010a7e07d5,x,content,,https://x.com/i/status/2011335947380744640,,1,,Pako,,,2026-01,0,0,0,,
