id,platform,url,author,year_month,date,impressions,likes,comments,retweets,content,title,synced_at
13b1aa0245e4,x,https://x.com/i/status/2009602883680182615,tonyler,2026-01,,346,38,12,0,We will be seeing you at the other side,See You on the Other Side,2026-01-10T14:15:07.311718
2d70d695c3b6,x,https://x.com/i/status/2009549053055394063,tonyler,2026-01,,670,50,2,0,"Stables/RWAs are issued on {X} chain, but believing they were created with the thought that they would stay only there is stupid.

Nothing gets locked on any chain anymore.

True winners are the rails that will be used to transfer stuff from one chain to another.

My top picks are projects that use IBC:
→ @cosmoshub
→ @tokifinance
→ @union_build

Anything else is a short-term solution that will soon be left behind (or get exploited).",The Future of Stables: Embrace Cross-Chain Solutions,2026-01-10T14:15:07.311753
451f814e5ad4,x,https://x.com/i/status/2009284265570169199,tøny,2026-01,,1145,61,12,0,"1/ 2026 is TOKI's Year 

@tokifinance has spent years building sovereign interchain infrastructure in silence.

Now they're ready. Token launch incoming, revenue generating, and institutions actually using it.

A thread",,2026-01-10T14:15:07.311758
2d1383456fea,x,https://x.com/i/status/2009263031826469073,sirthanos,2026-01,,515,44,32,0,Bulldog? Looks like the Chihuahua Senator is taking over the screen! $HUAHUA  @ChihuahuaChain,Chihuahua Senator Takes Over the Screen!,2026-01-10T14:15:07.311762
4144b73e7c41,x,https://x.com/i/status/2009192230028787919,paplianos,2026-01,,1166,64,17,0,"A new market is here — and it’s here to stay.

Crypto isn’t a trend. It’s an emerging financial and technological layer that will reshape how value, ownership, and coordination work over the next decades.

That’s why the goal isn’t blind speculation.

It’s thinking long-term.

Invest wisely in crypto companies and protocols with:
 • clear vision
• real-world use cases
• the ability to deliver solutions, not just narratives
• innovation that can meaningfully improve lives in the future

Progress has never come from following old rules in a new system.

In this market — just like in life — those who think independently, take responsibility, and align with builders and innovators early tend to capture the real upside.

This is your capital.

This is your conviction.

Choose accordingly.

$ATOM",Investing Wisely in the Future of Crypto,2026-01-10T14:15:07.311766
8f4162a5d3fe,x,https://x.com/i/status/2008992085802959258,tonyler,2026-01,,3565,125,22,0,"1/ Cosmos Hub December Report

The Hub Unit just dropped their latest monthly update on and there's some progress happening behind the scenes.

→ ICF delegation changes
→ Stargaze migration
→ Tokenfactory testing
→ $ATOM Tokenomics RFP updates.

A thread",Cosmos Hub December Report: Key Updates and Progress,2026-01-10T14:15:07.311770
4b9798dc8fb2,x,https://x.com/i/status/2008964745068458485,paplianos,2026-01,,375,52,7,0,"@cosmoshub  Unit Report - December 2025 Summary 

Key updates from the Hub Unit (Cosmos Labs + Hypha):

 ICF Delegation Program: Final details being wrapped up with ICF. Launch expected mid-January 2026! More info soon via blog post. Validators: Join the Telegram channel for updates.

 @StargazeZone: NFT marketplace & collection on track for February launch. $STARS token migration planned for Q2 2026. Bi-weekly syncs ongoing for smooth process.

 Hypha Technical Ops: Steady month – no upgrades/incidents. Ongoing maintenance + tokenfactory progress: unit/integration tests complete, pre-audit prep underway. Key PRs merged.

 $ATOM Tokenomics RFP: Issued Dec 12 – seeking research firms for data-driven redesign (phases: Research/Audit, Modeling, Community support). Proposals due Jan 15, 2026. Selection soon after.

Solid steady progress building the future of the Hub! 

 https://forum.cosmos.network/t/hub-unit-report-december-2025/16568…",Cosmos Hub Unit Report - December 2025 Summary,2026-01-10T14:15:07.311774
71b060125d1d,x,https://x.com/i/status/2008953716066402668,paplianos,2026-01,,2279,98,28,0,"The BEAR is full of FUD but fear isn’t part of our story.
Only those who truly believe stay.
And they’ll be the ones proven right in the end.
Strong hold 

$ATOM","""Stay Strong: Belief in $ATOM Prevails""",2026-01-10T14:15:07.311779
6c3f8576865e,x,https://x.com/i/status/2008589946375012596,tonyler,2026-01,,3524,153,23,0,"All those KOLs shilling @cosmos are now sh*tting on it.

I've been steady since day one (no matter the price). When I say long-term, I mean it. Just like those 2013 BTC holders who got rich with the same mindset.

And btw I'm not getting paid to post about $ATOM $OSMO $SAGA",KOLs Shift Stance on Cosmos Despite Long-Term Support,2026-01-10T14:15:07.311783
6701ace12d8c,x,https://x.com/i/status/2008481964223824112,pako_mess,2026-01,,1013,66,11,0,"Day by day the DEX keeps getting better and better! 

Real value for long term investors right here! 

There is no second best. 

@osmosis $OSMO",Osmosis DEX: Improving for Long-Term Investors,2026-01-10T14:15:07.311787
2a966f2a2057,x,https://x.com/i/status/2008448359795691783,tonyler,2026-01,,4337,135,18,0,"I tried to use Ethereum today. 

I'm never getting out of Cosmos again. The UX is miles ahead here.",Ethereum vs. Cosmos: A User Experience Comparison,2026-01-10T14:15:07.311791
14ab8c3393bf,x,https://x.com/i/status/2008317983135850821,maslag,2026-01,,287,56,8,0,"Oh it's a wondermap!
The roadmap of wonders to happen is out, don't skip to read..
https://x.com/cosmoslabs_io/status/2008226354651701651?s=20…",Wondermap: Roadmap of Upcoming Events Released,2026-01-10T14:15:07.311805
9f46a6cbeb21,x,https://x.com/i/status/2008316913600835649,maslag,2026-01,,48748,502,683,0,"1. @ChihuahuaChain 
2. @ChihuahuaChain 
3. @ChihuahuaChain 

Do you want my 4th pick?!",ChihuahuaChain: Ready for My Fourth Pick?,2026-01-10T14:15:07.311810
70b68c05f594,x,https://x.com/i/status/2008288474688819232,semigod84,2026-01,,3124,124,27,0,"As critics declare the Cosmos ecosystem being dead, @cosmoslabs_io moves forward by unveiling a refreshed roadmap for 2026. Excited to see what the next few months will bring. $ATOM",Cosmos Ecosystem Unveils 2026 Roadmap Amid Criticism,2026-01-10T14:15:07.311822
ebfab2e26ccd,x,https://x.com/i/status/2008280745245106579,billy.13,2026-01,,2458,69,27,0,I LOVE $ATOM,My Passion for $ATOM Cryptocurrency,2026-01-10T14:15:07.311826
1bbbb3875111,x,https://x.com/i/status/2008252188062106012,basilis2783,2026-01,,2185,79,8,0,"Volatility isn’t only on the charts. Sometimes it’s the oracles

Nolus Market Anomaly Guard (MAG) detects abnormal pricing and can pause or cancel liquidations when data looks wrong

A margin position shouldn’t close on a bad print

Real-world MAG performance",Nolus MAG: Protecting Against Market Volatility,2026-01-10T14:15:07.311831
fa6df84c6f62,x,https://x.com/i/status/2008249804787458296,sirthanos,2026-01,,185964,1228,1105,0,Where is @ChihuahuaChain ???,Location Update on @ChihuahuaChain,2026-01-10T14:15:07.311839
8957ce44a780,x,https://x.com/i/status/2008242023371829257,paplianos,2026-01,,2742,112,11,0,"@cosmos Stack Roadmap to 2026 — Thread
1/
@cosmoslabs_io just shared the updated Cosmos Stack Roadmap through Q3 2026.

The focus: performance, modularity, connectivity, and enterprise adoption.
After rebuilding the foundations in 2025, the stack is now ready to scale.",Cosmos Stack Roadmap Update Through Q3 2026,2026-01-10T14:15:07.311844
307e0a098c97,x,https://x.com/i/status/2008157610717892798,basilis2783,2026-01,,1026,65,8,0,"Quick thank you to everyone reporting edge cases + UX friction in Nolus

Your notes directly shape risk controls, UI clarity, and docs. If you’ve hit a confusing step or found a bug, drop it! Small fixes compound into safer margin for everyone",Thank You for Reporting UX Issues in Nolus,2026-01-10T14:15:07.311848
9e8646d958c0,x,https://x.com/i/status/2007860804326990113,sirthanos,2026-01,,2758,79,8,0,"The same is happening with finance. While the masses stick to fiat, the wealthy are accumulating Cryptocurrency

The script has flipped.
Don’t be late to the new era. ₿ 

$BTC $ETH $ATOM $OSMO",Wealthy Shift to Cryptocurrency While Masses Stick to Fiat,2026-01-10T14:15:07.311861
7cd9e99c7627,x,https://x.com/i/status/2007745385217904715,billy.13,2026-01,,1105,66,19,0,"Exploring this winter landscape, @NolusProtocol is carving a clear path through the market. Cooling down volatility while heating up the DeFi yields. 
Lower liquidations, higher capital efficiency. The view from the top is better when you LEASE smarter.. Happy New Year $Nolans",Nolus Protocol: Navigating Winter with DeFi Innovation,2026-01-10T14:15:07.311866
4470c77841ee,x,https://x.com/i/status/2007712831601565705,sirthanos,2026-01,,642,68,41,0,"Gm everyone 
Happy Sunday",Happy Sunday Greetings to Everyone,2026-01-10T14:15:07.311870
98e93fb47a42,x,https://x.com/i/status/2007447540870894027,tonyler,2026-01,,3280,119,20,0,"I'm @saylor of $ATOM

The difference is I'll probably outperform him by a lot.",Saylor Claims He'll Outperform $ATOM Competitor,2026-01-10T14:15:07.311874
4e793620c3f6,x,https://x.com/i/status/2007173696163926351,sirthanos,2026-01,,1289,64,14,0,"@Sagaxyz__ becomes a company, no longer just a project.  

$SAGA",Sagaxyz Transitions from Project to Company Status,2026-01-10T14:15:07.311879
6ee08081a6e0,x,https://x.com/i/status/2007136162402714004,tonyler,2026-01,,3873,120,28,0,"Anyone still using or holding $OSMO. 

Only the cold blood and the strongest are still here.",Surviving Holders of $OSMO: Only the Strong Remain,2026-01-10T14:15:07.311883
f381c9be6938,x,https://x.com/i/status/2007023769081028985,tonyler,2026-01,,9711,351,158,0,[Article] The Holiday Production Paradox: When Markets Don't Sleep But Exchanges Do,,2026-01-10T14:15:07.311888
f41605f55d68,x,https://x.com/i/status/2010349807131627528,Jim Cramer of Cøsmos,2026-01,,0,0,0,,$ATOM,,
7d116f60d5ab,x,https://x.com/i/status/2010314551905120733,Billy ⛋,2026-01,,0,0,0,,$ATOM,,
daea2b883faa,x,https://x.com/i/status/2010660944351809749,Jim Cramer of Cøsmos,2026-01,,0,0,0,,"Holy shit… Didn't expect such a low-quality post from Coin Bureau — but if you're going to talk about Cosmos, at least try to keep up.

- @penumbrazone has not shut down. It's still fully usable, validators are running, and the chain is being kept alive by the community while the team was effectively forced out for building real privacy.
- @osmosis is NOT in ""maintenance mode"". It keeps shipping features, powers @Polaris_App while stacking more BTC at the protocol level, and just rolled out a major tokenomics revamp. It's also one of the top chains by protocol revenue.
- noble is not ""leaving Cosmos"". It is spinning up an EVM chain for apps, which is an expansion move, not an exit. Native USDC will keep exisitng via IBC.

And that's just the stuff you somehow missed:

- @OndoFinance is coming to Cosmos.
- XRP spun up a chain on Cosmos.
- @babylonlabs_io launched on Cosmos.
- @stable launches on Cosmos.
- TAC launches on Cosmos.
- Cosmos Hub and @cosmoslabs_io are actively working on new tokenomics and business partnerships.
- There was a CBDC leak a few months ago that Cosmos Labs scrambled to suppress — and given how hard they tried to bury it, it's looking increasingly likely to happen.

Next time you want to farm engagement on @cosmos, just ask someone who actually tracks the ecosystem — or keep posting like this and watch your credibility evaporate.",,
8838b7e72365,x,https://x.com/i/status/2011062624222416934,Jim Cramer of Cøsmos,2026-01,,0,0,0,,[Article] Your Broker Doesn't Want You Reading This,,
41ac237afbe5,x,https://x.com/i/status/2011112936228467019,Jim Cramer of Cøsmos,2026-01,,0,0,0,,,,
f43e0702f1ac,x,https://x.com/i/status/2011335947380744640,Pako,2026-01,,0,0,0,,,,
aaca881dafe9,x,https://x.com/i/status/2011816635137396946,Jim Cramer of Cøsmos,2026-01,,0,0,0,,,,
fda49e09334b,x,https://x.com/i/status/2011824381975027806,Jim Cramer of Cøsmos,2026-01,,0,0,0,,,,
