discord_user,x_handle,reddit_username,status,joined_date,last_activity,total_points,last_active,total_tasks,x_profile_url,reddit_profile_url,registration_date
tonyler,tonyler_,,active,2025-12-22,,0,,,,,
georget444,gtsikos,thegodf4ther,active,2025-12-27,,0,,,,,
paplianos,paplianos,paplianos,active,2025-12-27,,0,,,,,
namaste108,securitylabgr,namaste-1008,active,2025-12-22,,0,,,,,
mouxaxa,trofimatzis,,active,2025-12-22,,0,,,,,
kyribou,b_kyriakos,kyribou,active,2025-12-27,,0,,,,,
stelioswb,o_araras,ararastelios,active,2025-12-28,,0,,,,,
_knps,t0lito,,active,2025-12-22,,0,,,,,
_crisxz,criszygo,_crisxz,active,2025-12-27,,0,,,,,
kosmas17,cosmash4,,active,2025-12-22,,0,,,,,
steliosc,steliosc1673589,steliosc2,active,2025-12-28,,0,,,,,
erevos77,erevos77,erevos_77,active,2025-12-22,,0,,,,,
swiftk23,swiftakiaskost1,statisticianno6738,active,2025-12-27,,0,,,,,
.liumang,liu1908mang,liu_mang,active,2025-12-27,,0,,,,,
mike_limas,mike_limas_gr,mike limas,active,2025-12-27,,0,,,,,
misachrist,chriskudal,all0111times,active,2026-01-03,,0,,,,,
ulaire,,iulaire,active,2025-12-22,,0,,,,,
mikeloop,cyberneticsmike,,active,2025-12-23,,0,,,,,
_tasosp,psyccccc,connectquote2403,active,2025-12-27,,0,,,,,
semigod84,semigod841,panos_cybernetics,active,2025-12-27,,0,,,,,
nikolees_,niko_lees,nikolees_,active,2025-12-27,,0,,,,,
supermario03,thesuperrio,ew9fyh7drg,active,2025-12-28,,0,,,,,
maslag,maslag3,first-tradition7909,active,2025-12-28,,0,,,,,
karaflos369,karaflos77,,active,2025-12-23,,0,,,,,
peripolo,peripolo_,wise-excuse3861,active,2025-12-27,,0,,,,,
alex_grs,chuman_bean,86a35dvfwz,active,2025-12-27,,0,,,,,
giorgosz.,giorgos_zz,,active,2025-12-23,,0,,,,,
pako_mess,pakomesscyber,fil_mess,active,2025-12-28,,0,,,,,
basilis2783,basilisd3,zukcld1bwb,active,2025-12-27,,0,,,,,
m.bomb,marios_bob,,active,2025-12-23,,0,,,,,
cybernetics_knight,sakaflias_4,,active,2026-01-02,,0,,,,,
thanasis44.,thanasi69473216,,active,2025-12-23,,0,,,,,
billy.13,cyberbilly13,eunwbevkxo,active,2025-12-27,,0,,,,,
paul.gl,pavlosgl11,,active,2025-12-24,,0,,,,,
morpheus6,luporomano3,teojohnny,active,2025-12-27,,0,,,,,
burningskies,crypto_voyager7,economistno8401,active,2025-12-28,,0,,,,,
rr123__,nospa,,active,2025-12-26,,0,,,,,
oglgo,_oglgo_,,active,2025-12-27,,0,,,,,
spyroskat,spyroskatomeris,,active,2025-12-27,,0,,,,,
bladesoul_gr,bladesoul_gr,bladesoul_,active,2025-12-27,,0,,,,,
mamra,mummraaaaaa,,active,2025-12-27,,0,,,,,
nikosmit,mhtakoc,,active,2025-12-27,,0,,,,,
nick_m1966,nick_m1966,,active,2025-12-27,,0,,,,,
freemind2593,quinlan102,,active,2025-12-27,,0,,,,,
iganokabamaru,sonyxpe41357662,psychological_use468,active,2025-12-27,,0,,,,,
pavlostze,pavlostze,tzegian,active,2025-12-27,,0,,,,,
giorgiz,giorgis_crypto,giorgiszz,active,2025-12-27,,0,,,,,
fotismast,fotis_mast,,active,2025-12-28,,0,,,,,
george5392,popeye_george,?utm_source=share&utm_medium=mweb3x&utm_name=mweb3xcss&utm_term=1&utm_content=share_button,active,2025-12-28,,0,,,,,
maiklamar,maik00lamar,,active,2025-12-27,,0,,,,,
bamouch,sdigaletos,pkho7j6fpu,active,2025-12-27,,0,,,,,
kk0055,dinoskoud,afraid-you-1999,active,2025-12-27,,0,,,,,
orioncybernetics,orionas_cosmos?s=21,,active,2026-01-02,,0,,,,,
bouzouksis,voidf1re,,active,2025-12-27,,0,,,,,
mrtomas_,makiss8,,active,2025-12-27,,0,,,,,
sirthanos,sirthanos60,sirthanos,active,2025-12-27,,0,,,,,
dimitrisch,jtwoonone,donflamingo3,active,2025-12-27,,0,,,,,
vassilisgr,orion_quantum,pretty_read_7140,active,2025-12-27,,0,,,,,
nikos999_,locko333,,active,2025-12-27,,0,,,,,
nikosmak.,nik_mak3,,active,2025-12-28,,0,,,,,
believer8636,utopia_believer,,active,2025-12-28,,0,,,,,
christos_boos,boukchris,,active,2025-12-28,,0,,,,,
chrispap,chrissss007,,active,2025-12-28,,0,,,,,
goku033352,lepi369,issei369,active,2025-12-28,,0,,,,,
george8501,,canaryalternative440,active,2025-12-29,,0,,,,,
itsino_,tsin0s,,active,2025-12-28,,0,,,,,
mi_chail,gkem_mike,jf0lddvgr9,active,2025-12-28,,0,,,,,
marios6444,supermari0ff,oasl1wqkvd,active,2025-12-28,,0,,,,,
george_v.,georgev30794173,comfortable-joke-955,active,2025-12-29,,0,,,,,
chisei_24,cyber_aurora,psmevbuiej,active,2025-12-29,,0,,,,,
alkismotel,dal_alkis,1rk0jr5djb,active,2025-12-29,,0,,,,,
vanethel,vanethel25,qrs6fs3p3k,active,2025-12-31,,0,,,,,
lucif3r_69_,_lucif3r_,,active,2026-01-02,,0,,,,,
gregory_fs,grigorisg1r,,active,2026-01-03,,0,,,,,
daredevil6179,ilias33803055,daredevil79gr,active,2026-01-04,,0,,,,,
mouzakas,mouzakas,no-breakfast-8763,active,2026-01-06,,0,,,,,
